INSERT INTO TIPOPERSONA(IDTIPOPERSONA,DESCTIPOPERSONA) VALUES ('1','CLIENTE');
INSERT INTO TIPOPERSONA(IDTIPOPERSONA,DESCTIPOPERSONA) VALUES ('2','PROVEEDOR');

INSERT INTO TIPODOC(IDTIPODOC, DESCTIPODOC) VALUES ('CC', 'CEDULA');
INSERT INTO TIPODOC(IDTIPODOC, DESCTIPODOC) VALUES ('TI', 'TARJETA DE IDENTIDAD');
INSERT INTO TIPODOC(IDTIPODOC, DESCTIPODOC) VALUES ('TE', 'TARJETA EXTRANJERIA');
INSERT INTO TIPODOC(IDTIPODOC, DESCTIPODOC) VALUES ('CE', 'CEDULA EXTRANJERIA');
INSERT INTO TIPODOC(IDTIPODOC, DESCTIPODOC) VALUES ('NT', 'NIT');
INSERT INTO TIPODOC(IDTIPODOC, DESCTIPODOC) VALUES ('PA', 'PASAPORTE');

INSERT INTO TIPOFACTURA(IDTIPOFAC, DESCTIPOFAC) VALUES('VE', 'VENTA');
INSERT INTO TIPOFACTURA(IDTIPOFAC, DESCTIPOFAC) VALUES('CO', 'COMPRA');
INSERT INTO TIPOFACTURA(IDTIPOFAC, DESCTIPOFAC) VALUES('DV', 'DEVOLUCION VENTA');
INSERT INTO TIPOFACTURA(IDTIPOFAC, DESCTIPOFAC) VALUES('DC', 'DEVOLUCION COMPRA');

INSERT INTO TIPOCONTACTO(IDTIPOCONTACTO, DESCTIPOCONTACTO) VALUES ('1', 'TELEFONO FIJO');
INSERT INTO TIPOCONTACTO(IDTIPOCONTACTO, DESCTIPOCONTACTO) VALUES ('2', 'CELULAR');
INSERT INTO TIPOCONTACTO(IDTIPOCONTACTO, DESCTIPOCONTACTO) VALUES ('3', 'CORREO');
INSERT INTO TIPOCONTACTO(IDTIPOCONTACTO, DESCTIPOCONTACTO) VALUES ('4', 'FAX');



INSERT INTO DEPENDENCIA (CODDEPENDENCIA, NOMDEPENDENCIA, ESTADODEPEN) VALUES ('1','COMERCIO',1);
INSERT INTO DEPENDENCIA (CODDEPENDENCIA, NOMDEPENDENCIA, ESTADODEPEN) VALUES ('2','DISTRIBUCION',1);
INSERT INTO DEPENDENCIA (CODDEPENDENCIA, NOMDEPENDENCIA, ESTADODEPEN) VALUES ('3','FINANZAS',1);
INSERT INTO DEPENDENCIA (CODDEPENDENCIA, NOMDEPENDENCIA, ESTADODEPEN) VALUES ('4','TECNOLOGIA',1);
INSERT INTO DEPENDENCIA (CODDEPENDENCIA, NOMDEPENDENCIA, ESTADODEPEN) VALUES ('5','PUBLICIDAD',1);


INSERT INTO CARGO (CODCARGO, CODDEPENDENCIA, CAR_CODCARGO, NOMCARGO, ESTADOCARGO) VALUES ('1', '1', null , 'DIRECTOR COMERCIAL', 1 );
INSERT INTO CARGO (CODCARGO, CODDEPENDENCIA, CAR_CODCARGO, NOMCARGO, ESTADOCARGO) VALUES ('2', '1', null , 'DIRECTOR COMERCIAL', 0 );
INSERT INTO CARGO (CODCARGO, CODDEPENDENCIA, CAR_CODCARGO, NOMCARGO, ESTADOCARGO) VALUES ('3', '1', '1' , 'GERENTE DE VENTAS', 1 );
INSERT INTO CARGO (CODCARGO, CODDEPENDENCIA, CAR_CODCARGO, NOMCARGO, ESTADOCARGO) VALUES ('4', '1', '3' , 'REPRESENTANTE DE VENTAS', 1 );
INSERT INTO CARGO (CODCARGO, CODDEPENDENCIA, CAR_CODCARGO, NOMCARGO, ESTADOCARGO) VALUES ('5', '1', '4' , 'VENDEDOR', 1 );
INSERT INTO CARGO (CODCARGO, CODDEPENDENCIA, CAR_CODCARGO, NOMCARGO, ESTADOCARGO) VALUES ('6', '1', null , 'GERENTE DE COMPRAS', 1 );
INSERT INTO CARGO (CODCARGO, CODDEPENDENCIA, CAR_CODCARGO, NOMCARGO, ESTADOCARGO) VALUES ('7', '1', '6' , 'AUXILIAR DE COMPRAS', 1 );

INSERT INTO EMPLEADO (CODEMPLEADO, NOMEMPLEADO, APELLEMPLEADO, CORREO) VALUES ('1', 'FRANCISCO', 'VELASQUEZ', 'FRANCISCOVEL@GMAIL.COM');
INSERT INTO EMPLEADO (CODEMPLEADO, NOMEMPLEADO, APELLEMPLEADO, CORREO) VALUES ('2', 'KEVIN', 'GOMEZ', 'KEVINGOMEZ@GMAIL.COM');
INSERT INTO EMPLEADO (CODEMPLEADO, NOMEMPLEADO, APELLEMPLEADO, CORREO) VALUES ('3', 'JOEL', 'RODRIGUEZ', 'JOELRODRI@HOTMAIL.COM');
INSERT INTO EMPLEADO (CODEMPLEADO, NOMEMPLEADO, APELLEMPLEADO, CORREO) VALUES ('4', 'JUAN', 'ALVARADO', 'JUANALVARADO@OUTLOOK.COM');
INSERT INTO EMPLEADO (CODEMPLEADO, NOMEMPLEADO, APELLEMPLEADO, CORREO) VALUES ('5', 'RAUL', 'MARTINEZ', 'RAULMARTINEZ@OUTLOOK.COM');
INSERT INTO EMPLEADO (CODEMPLEADO, NOMEMPLEADO, APELLEMPLEADO, CORREO) VALUES ('6', 'MARIA', 'TORRES', 'MARIATORRES@GMAIL.COM');
INSERT INTO EMPLEADO (CODEMPLEADO, NOMEMPLEADO, APELLEMPLEADO, CORREO) VALUES ('7', 'SEBASTIAN', 'JIMENEZ', 'SEBASTIANJIMENEZ@OUTLOOK.COM');
INSERT INTO EMPLEADO (CODEMPLEADO, NOMEMPLEADO, APELLEMPLEADO, CORREO) VALUES ('8', 'MARIANA', 'AVENDAÑO', 'MARIANAAVENDANO@HOTMAIL.COM');
INSERT INTO EMPLEADO (CODEMPLEADO, NOMEMPLEADO, APELLEMPLEADO, CORREO) VALUES ('9', 'MARCELO', 'JUAREZ', 'MARCELOJUAREZ@GMAIL.COM');
INSERT INTO EMPLEADO (CODEMPLEADO, NOMEMPLEADO, APELLEMPLEADO, CORREO) VALUES ('10', 'SONIA', 'ORDOÑEZ', 'SONIAORDONEZ@HOTMAIL.COM');
INSERT INTO EMPLEADO (CODEMPLEADO, NOMEMPLEADO, APELLEMPLEADO, CORREO) VALUES ('11', 'VIVIANA', 'DURAN', 'VIVIDURAN@HOTMAIL.COM');
INSERT INTO EMPLEADO (CODEMPLEADO, NOMEMPLEADO, APELLEMPLEADO, CORREO) VALUES ('12', 'FELIPE', 'HERRERA', 'FELIPEHERRERA@OUTLOOK.COM');
INSERT INTO EMPLEADO (CODEMPLEADO, NOMEMPLEADO, APELLEMPLEADO, CORREO) VALUES ('13', 'NATALIA', 'SANCHEZ', 'NATALIASANCHEZ@OUTLOOK.COM');

INSERT INTO EMPLEADOS_CARGOS (CODCARGO, CODEMPLEADO) VALUES ('1', '1');
INSERT INTO EMPLEADOS_CARGOS (CODCARGO, CODEMPLEADO) VALUES ('2', '2');
INSERT INTO EMPLEADOS_CARGOS (CODCARGO, CODEMPLEADO) VALUES ('3', '3');
INSERT INTO EMPLEADOS_CARGOS (CODCARGO, CODEMPLEADO) VALUES ('4', '4');
INSERT INTO EMPLEADOS_CARGOS (CODCARGO, CODEMPLEADO) VALUES ('4', '5');
INSERT INTO EMPLEADOS_CARGOS (CODCARGO, CODEMPLEADO) VALUES ('4', '6');
INSERT INTO EMPLEADOS_CARGOS (CODCARGO, CODEMPLEADO) VALUES ('5', '7');
INSERT INTO EMPLEADOS_CARGOS (CODCARGO, CODEMPLEADO) VALUES ('5', '8');
INSERT INTO EMPLEADOS_CARGOS (CODCARGO, CODEMPLEADO) VALUES ('5', '9');
INSERT INTO EMPLEADOS_CARGOS (CODCARGO, CODEMPLEADO) VALUES ('6', '10');
INSERT INTO EMPLEADOS_CARGOS (CODCARGO, CODEMPLEADO) VALUES ('7', '11');
INSERT INTO EMPLEADOS_CARGOS (CODCARGO, CODEMPLEADO) VALUES ('7', '12');
INSERT INTO EMPLEADOS_CARGOS (CODCARGO, CODEMPLEADO) VALUES ('7', '13');

INSERT INTO CATPRODUCTO (IDCATPRODUCTO, CAT_IDCATPRODUCTO, DESCCATPRODUCTO) VALUES ('1', NULL, 'ALIMENTOS');
INSERT INTO CATPRODUCTO (IDCATPRODUCTO, CAT_IDCATPRODUCTO, DESCCATPRODUCTO) VALUES ('2', '1', 'DULCES');
INSERT INTO CATPRODUCTO (IDCATPRODUCTO, CAT_IDCATPRODUCTO, DESCCATPRODUCTO) VALUES ('3', '1', 'CHOCOLATES');
INSERT INTO CATPRODUCTO (IDCATPRODUCTO, CAT_IDCATPRODUCTO, DESCCATPRODUCTO) VALUES ('4', '1', 'CHICLES');
INSERT INTO CATPRODUCTO (IDCATPRODUCTO, CAT_IDCATPRODUCTO, DESCCATPRODUCTO) VALUES ('5', '1', 'SNACKS');
INSERT INTO CATPRODUCTO (IDCATPRODUCTO, CAT_IDCATPRODUCTO, DESCCATPRODUCTO) VALUES ('6', '1', 'CEREALES Y GRANOLAS');
INSERT INTO CATPRODUCTO (IDCATPRODUCTO, CAT_IDCATPRODUCTO, DESCCATPRODUCTO) VALUES ('7', '1', 'CAFE Y TE');
INSERT INTO CATPRODUCTO (IDCATPRODUCTO, CAT_IDCATPRODUCTO, DESCCATPRODUCTO) VALUES ('8', '1', 'ACEITES');
INSERT INTO CATPRODUCTO (IDCATPRODUCTO, CAT_IDCATPRODUCTO, DESCCATPRODUCTO) VALUES ('9', '1', 'HARINAS');
INSERT INTO CATPRODUCTO (IDCATPRODUCTO, CAT_IDCATPRODUCTO, DESCCATPRODUCTO) VALUES ('10', '1', 'CONDIMENTOS');
INSERT INTO CATPRODUCTO (IDCATPRODUCTO, CAT_IDCATPRODUCTO, DESCCATPRODUCTO) VALUES ('11', '1', 'FRUTAS');
INSERT INTO CATPRODUCTO (IDCATPRODUCTO, CAT_IDCATPRODUCTO, DESCCATPRODUCTO) VALUES ('12', '1', 'VEGETALES');
INSERT INTO CATPRODUCTO (IDCATPRODUCTO, CAT_IDCATPRODUCTO, DESCCATPRODUCTO) VALUES ('13', NULL, 'LICORES');
INSERT INTO CATPRODUCTO (IDCATPRODUCTO, CAT_IDCATPRODUCTO, DESCCATPRODUCTO) VALUES ('14', NULL, 'AUTOMOTRIZ');
INSERT INTO CATPRODUCTO (IDCATPRODUCTO, CAT_IDCATPRODUCTO, DESCCATPRODUCTO) VALUES ('15', NULL, 'ELECTRONICOS');
INSERT INTO CATPRODUCTO (IDCATPRODUCTO, CAT_IDCATPRODUCTO, DESCCATPRODUCTO) VALUES ('16', NULL, 'MODA Y ACCESORIOS');
INSERT INTO CATPRODUCTO (IDCATPRODUCTO, CAT_IDCATPRODUCTO, DESCCATPRODUCTO) VALUES ('17', NULL, 'FERRETERIA');
INSERT INTO CATPRODUCTO (IDCATPRODUCTO, CAT_IDCATPRODUCTO, DESCCATPRODUCTO) VALUES ('18', NULL, 'SALUD Y BELLEZA');
INSERT INTO CATPRODUCTO (IDCATPRODUCTO, CAT_IDCATPRODUCTO, DESCCATPRODUCTO) VALUES ('19', NULL, 'OFICINA');
INSERT INTO CATPRODUCTO (IDCATPRODUCTO, CAT_IDCATPRODUCTO, DESCCATPRODUCTO) VALUES ('20', NULL, 'EXTERIORES');
INSERT INTO CATPRODUCTO (IDCATPRODUCTO, CAT_IDCATPRODUCTO, DESCCATPRODUCTO) VALUES ('21', NULL, 'MUEBLES');
INSERT INTO CATPRODUCTO (IDCATPRODUCTO, CAT_IDCATPRODUCTO, DESCCATPRODUCTO) VALUES ('22', NULL, 'HOGAR');

INSERT INTO PRODUCTO(IDCATPRODUCTO, REFPRODUCTO, NOMPRODUCTO) VALUES ('3', '1', 'CHOCOBREAK X 30');
INSERT INTO PRODUCTO(IDCATPRODUCTO, REFPRODUCTO, NOMPRODUCTO) VALUES ('4', '2', 'XTIME X 100');
INSERT INTO PRODUCTO(IDCATPRODUCTO, REFPRODUCTO, NOMPRODUCTO) VALUES ('7', '3', 'CAFE SELLO ROJO LB');
INSERT INTO PRODUCTO(IDCATPRODUCTO, REFPRODUCTO, NOMPRODUCTO) VALUES ('11', '4', 'MANZANA');
INSERT INTO PRODUCTO(IDCATPRODUCTO, REFPRODUCTO, NOMPRODUCTO) VALUES ('12', '5', 'LECHUGA CRESPA');
INSERT INTO PRODUCTO(IDCATPRODUCTO, REFPRODUCTO, NOMPRODUCTO) VALUES ('13', '6', 'NECTAR L');
INSERT INTO PRODUCTO(IDCATPRODUCTO, REFPRODUCTO, NOMPRODUCTO) VALUES ('17', '7', 'LED 3W');


INSERT INTO HISTORICOPRECIO(IDCATPRODUCTO, REFPRODUCTO, CONSECPRECIO, FECHAINICIO, FECHAFIN, VALOR) VALUES ('3', '1', '1', '06/06/2020', '20/12/2020', 5000);
INSERT INTO HISTORICOPRECIO(IDCATPRODUCTO, REFPRODUCTO, CONSECPRECIO, FECHAINICIO, FECHAFIN, VALOR) VALUES ('3', '1', '2', '21/12/2020', '07/12/2022', 6499.99);
INSERT INTO HISTORICOPRECIO(IDCATPRODUCTO, REFPRODUCTO, CONSECPRECIO, FECHAINICIO, FECHAFIN, VALOR) VALUES ('3', '1', '3', '08/12/2022', NULL, 6700);
INSERT INTO HISTORICOPRECIO(IDCATPRODUCTO, REFPRODUCTO, CONSECPRECIO, FECHAINICIO, FECHAFIN, VALOR) VALUES ('4', '2', '1', '16/12/2019', '07/08/2021', 7500);
INSERT INTO HISTORICOPRECIO(IDCATPRODUCTO, REFPRODUCTO, CONSECPRECIO, FECHAINICIO, FECHAFIN, VALOR) VALUES ('4', '2', '2', '08/08/2021', '09/04/2023', 8000);
INSERT INTO HISTORICOPRECIO(IDCATPRODUCTO, REFPRODUCTO, CONSECPRECIO, FECHAINICIO, FECHAFIN, VALOR) VALUES ('4', '2', '3', '10/04/2023', NULL, 9400);
INSERT INTO HISTORICOPRECIO(IDCATPRODUCTO, REFPRODUCTO, CONSECPRECIO, FECHAINICIO, FECHAFIN, VALOR) VALUES ('7', '3', '1', '27/01/2020', '14/03/2021', 7500);
INSERT INTO HISTORICOPRECIO(IDCATPRODUCTO, REFPRODUCTO, CONSECPRECIO, FECHAINICIO, FECHAFIN, VALOR) VALUES ('7', '3', '2', '15/03/2021', '07/11/2021', 8000);
INSERT INTO HISTORICOPRECIO(IDCATPRODUCTO, REFPRODUCTO, CONSECPRECIO, FECHAINICIO, FECHAFIN, VALOR) VALUES ('7', '3', '3', '08/11/2021', NULL, 9999);
INSERT INTO HISTORICOPRECIO(IDCATPRODUCTO, REFPRODUCTO, CONSECPRECIO, FECHAINICIO, FECHAFIN, VALOR) VALUES ('11', '4', '1', '22/09/2018', '01/05/2020', 700);
INSERT INTO HISTORICOPRECIO(IDCATPRODUCTO, REFPRODUCTO, CONSECPRECIO, FECHAINICIO, FECHAFIN, VALOR) VALUES ('11', '4', '2', '02/05/2020', '17/12/2022', 1800);
INSERT INTO HISTORICOPRECIO(IDCATPRODUCTO, REFPRODUCTO, CONSECPRECIO, FECHAINICIO, FECHAFIN, VALOR) VALUES ('11', '4', '3','18/12/2022', NULL, 2200);
INSERT INTO HISTORICOPRECIO(IDCATPRODUCTO, REFPRODUCTO, CONSECPRECIO, FECHAINICIO, FECHAFIN, VALOR) VALUES ('12', '5', '1', '14/08/2020', '19/10/2021', 2200);
INSERT INTO HISTORICOPRECIO(IDCATPRODUCTO, REFPRODUCTO, CONSECPRECIO, FECHAINICIO, FECHAFIN, VALOR) VALUES ('12', '5', '2', '20/10/2021', '05/05/2022', 2800);
INSERT INTO HISTORICOPRECIO(IDCATPRODUCTO, REFPRODUCTO, CONSECPRECIO, FECHAINICIO, FECHAFIN, VALOR) VALUES ('12', '5', '3','06/05/2022', NULL, 3000);
INSERT INTO HISTORICOPRECIO(IDCATPRODUCTO, REFPRODUCTO, CONSECPRECIO, FECHAINICIO, FECHAFIN, VALOR) VALUES ('13', '6', '1', '26/11/2021', '22/02/2022', 7600);
INSERT INTO HISTORICOPRECIO(IDCATPRODUCTO, REFPRODUCTO, CONSECPRECIO, FECHAINICIO, FECHAFIN, VALOR) VALUES ('13', '6', '2', '23/02/2022', '08/03/2023', 8500);
INSERT INTO HISTORICOPRECIO(IDCATPRODUCTO, REFPRODUCTO, CONSECPRECIO, FECHAINICIO, FECHAFIN, VALOR) VALUES ('13', '6', '3', '08/03/2023', NULL, 9999.99);
INSERT INTO HISTORICOPRECIO(IDCATPRODUCTO, REFPRODUCTO, CONSECPRECIO, FECHAINICIO, FECHAFIN, VALOR) VALUES ('17', '7', '1', '19/06/2021', '03/04/2022', 2200);
INSERT INTO HISTORICOPRECIO(IDCATPRODUCTO, REFPRODUCTO, CONSECPRECIO, FECHAINICIO, FECHAFIN, VALOR) VALUES ('17', '7', '2', '04/04/2022', '13/11/2022', 3200);
INSERT INTO HISTORICOPRECIO(IDCATPRODUCTO, REFPRODUCTO, CONSECPRECIO, FECHAINICIO, FECHAFIN, VALOR) VALUES ('17', '7', '3', '13/11/2022', NULL, 3800);


INSERT INTO COMPONENTEDIRECC (POSICION, DESCPOSICION, OBLIGATORIEDAD) VALUES (1, 'TIPO VIA', 'TRUE');
INSERT INTO COMPONENTEDIRECC (POSICION, DESCPOSICION, OBLIGATORIEDAD) VALUES (2, 'NUMERO O NOMBRe, VIA PRINCIPAL', 'TRUE');
INSERT INTO COMPONENTEDIRECC (POSICION, DESCPOSICION, OBLIGATORIEDAD) VALUES (3, 'LETRA/S ASOCIADAS A LA VIA PRI', 'FALSE');
INSERT INTO COMPONENTEDIRECC (POSICION, DESCPOSICION, OBLIGATORIEDAD) VALUES (4, 'PREFIJO (BIS)', 'FALSE');
INSERT INTO COMPONENTEDIRECC (POSICION, DESCPOSICION, OBLIGATORIEDAD) VALUES (5, 'LETRA/S PREFIJO', 'FALSE');
INSERT INTO COMPONENTEDIRECC (POSICION, DESCPOSICION, OBLIGATORIEDAD) VALUES (6, 'CUADRANTE', 'FALSE');
INSERT INTO COMPONENTEDIRECC (POSICION, DESCPOSICION, OBLIGATORIEDAD) VALUES (7, 'NUMERO VIA GENERADORA', 'TRUE');
INSERT INTO COMPONENTEDIRECC (POSICION, DESCPOSICION, OBLIGATORIEDAD) VALUES (8, 'LETRA/S ASOCIADAS A LA VIA GEN', 'FALSE');
INSERT INTO COMPONENTEDIRECC (POSICION, DESCPOSICION, OBLIGATORIEDAD) VALUES (9, 'SUFIJO (BIS)', 'FALSE');
INSERT INTO COMPONENTEDIRECC (POSICION, DESCPOSICION, OBLIGATORIEDAD) VALUES (10, 'LETRA/S SUFIJO', 'FALSE');
INSERT INTO COMPONENTEDIRECC (POSICION, DESCPOSICION, OBLIGATORIEDAD) VALUES (11, 'NUMERO PLACA', 'TRUE');
INSERT INTO COMPONENTEDIRECC (POSICION, DESCPOSICION, OBLIGATORIEDAD) VALUES (12, 'CUADRANTE', 'FALSE');
INSERT INTO COMPONENTEDIRECC (POSICION, DESCPOSICION, OBLIGATORIEDAD) VALUES (13, 'BARRIO', 'FALSE');
INSERT INTO COMPONENTEDIRECC (POSICION, DESCPOSICION, OBLIGATORIEDAD) VALUES (14, 'NOMBRE BARRIO', 'FALSE');
INSERT INTO COMPONENTEDIRECC (POSICION, DESCPOSICION, OBLIGATORIEDAD) VALUES (15, 'MANZANA', 'FALSE');
INSERT INTO COMPONENTEDIRECC (POSICION, DESCPOSICION, OBLIGATORIEDAD) VALUES (16, 'IDENTIFICADOR DE MANZANA', 'FALSE');
INSERT INTO COMPONENTEDIRECC (POSICION, DESCPOSICION, OBLIGATORIEDAD) VALUES (17, 'URBANIZACION', 'FALSE');
INSERT INTO COMPONENTEDIRECC (POSICION, DESCPOSICION, OBLIGATORIEDAD) VALUES (18, 'NOMBRE URBANIZACION', 'FALSE');
INSERT INTO COMPONENTEDIRECC (POSICION, DESCPOSICION, OBLIGATORIEDAD) VALUES (19, 'TIPO PREDIO', 'FALSE');
INSERT INTO COMPONENTEDIRECC (POSICION, DESCPOSICION, OBLIGATORIEDAD) VALUES (20, 'IDENTIFICADOR DE PREDIO', 'FALSE');
INSERT INTO COMPONENTEDIRECC (POSICION, DESCPOSICION, OBLIGATORIEDAD) VALUES (21, 'COMPLEMENTO', 'FALSE');

INSERT INTO NOMENCLATURA (IDNOMEN, POSICION, DESCNOMEN) VALUES ('AU', 1, 'AUTOPISTA');
INSERT INTO NOMENCLATURA (IDNOMEN, POSICION, DESCNOMEN) VALUES ('AV', 1, 'AVENIDA');
INSERT INTO NOMENCLATURA (IDNOMEN, POSICION, DESCNOMEN) VALUES ('AC', 1, 'AVENIDA CALLE');
INSERT INTO NOMENCLATURA (IDNOMEN, POSICION, DESCNOMEN) VALUES ('AK', 1, 'AVENIDA CARRERA');
INSERT INTO NOMENCLATURA (IDNOMEN, POSICION, DESCNOMEN) VALUES ('BL', 1, 'BULEVAR');
INSERT INTO NOMENCLATURA (IDNOMEN, POSICION, DESCNOMEN) VALUES ('CL', 1, 'CALLE');
INSERT INTO NOMENCLATURA (IDNOMEN, POSICION, DESCNOMEN) VALUES ('KR', 1, 'CARRERA');
INSERT INTO NOMENCLATURA (IDNOMEN, POSICION, DESCNOMEN) VALUES ('CT', 1, 'CARRETERA');
INSERT INTO NOMENCLATURA (IDNOMEN, POSICION, DESCNOMEN) VALUES ('CQ', 1, 'CIRCULAR');
INSERT INTO NOMENCLATURA (IDNOMEN, POSICION, DESCNOMEN) VALUES ('CV', 1, 'CIRCUNVALAR');
INSERT INTO NOMENCLATURA (IDNOMEN, POSICION, DESCNOMEN) VALUES ('CC', 1, 'CUENTAS CORRIDAS');
INSERT INTO NOMENCLATURA (IDNOMEN, POSICION, DESCNOMEN) VALUES ('DG', 1, 'DIAGONAL');
INSERT INTO NOMENCLATURA (IDNOMEN, POSICION, DESCNOMEN) VALUES ('PJ', 1, 'PASAJE');
INSERT INTO NOMENCLATURA (IDNOMEN, POSICION, DESCNOMEN) VALUES ('PS', 1, 'PASEO');
INSERT INTO NOMENCLATURA (IDNOMEN, POSICION, DESCNOMEN) VALUES ('PT', 1, 'PEATONAL');
INSERT INTO NOMENCLATURA (IDNOMEN, POSICION, DESCNOMEN) VALUES ('TV', 1, 'TRANSVERSAL');
INSERT INTO NOMENCLATURA (IDNOMEN, POSICION, DESCNOMEN) VALUES ('TC', 1, 'TRONCAL');
INSERT INTO NOMENCLATURA (IDNOMEN, POSICION, DESCNOMEN) VALUES ('VT', 1, 'VARIANTE');
INSERT INTO NOMENCLATURA (IDNOMEN, POSICION, DESCNOMEN) VALUES ('VI', 1, 'VIA');
INSERT INTO NOMENCLATURA (IDNOMEN, POSICION, DESCNOMEN) VALUES ('ESTE', 6, 'ESTE');
INSERT INTO NOMENCLATURA (IDNOMEN, POSICION, DESCNOMEN) VALUES ('OESTE', 6, 'OESTE');
INSERT INTO NOMENCLATURA (IDNOMEN, POSICION, DESCNOMEN) VALUES ('NORTE', 6, 'NORTE');
INSERT INTO NOMENCLATURA (IDNOMEN, POSICION, DESCNOMEN) VALUES ('SUR', 6, 'SUR');
INSERT INTO NOMENCLATURA (IDNOMEN, POSICION, DESCNOMEN) VALUES ('este', 12, 'ESTE');
INSERT INTO NOMENCLATURA (IDNOMEN, POSICION, DESCNOMEN) VALUES ('oeste', 12, 'OESTE');
INSERT INTO NOMENCLATURA (IDNOMEN, POSICION, DESCNOMEN) VALUES ('norte', 12, 'NORTE');
INSERT INTO NOMENCLATURA (IDNOMEN, POSICION, DESCNOMEN) VALUES ('sur', 12, 'SUR');
INSERT INTO NOMENCLATURA (IDNOMEN, POSICION, DESCNOMEN) VALUES ('BR', 13, 'BARRIO');
INSERT INTO NOMENCLATURA (IDNOMEN, POSICION, DESCNOMEN) VALUES ('CD', 13, 'CIUDADELA');
INSERT INTO NOMENCLATURA (IDNOMEN, POSICION, DESCNOMEN) VALUES ('SM', 13, 'SUPERMANZANA');
INSERT INTO NOMENCLATURA (IDNOMEN, POSICION, DESCNOMEN) VALUES ('BQ', 17, 'BLOQUE');
INSERT INTO NOMENCLATURA (IDNOMEN, POSICION, DESCNOMEN) VALUES ('CU', 17, 'CELULA');
INSERT INTO NOMENCLATURA (IDNOMEN, POSICION, DESCNOMEN) VALUES ('CO', 17, 'CONJUNTO RESINDENCIAL');
INSERT INTO NOMENCLATURA (IDNOMEN, POSICION, DESCNOMEN) VALUES ('UR', 17, 'URBANIZACION');
INSERT INTO NOMENCLATURA (IDNOMEN, POSICION, DESCNOMEN) VALUES ('ZN', 17, 'ZONA');
INSERT INTO NOMENCLATURA (IDNOMEN, POSICION, DESCNOMEN) VALUES ('MZ', 15, 'MANZANA');
INSERT INTO NOMENCLATURA (IDNOMEN, POSICION, DESCNOMEN) VALUES ('IN', 15, 'INTERIOR');
INSERT INTO NOMENCLATURA (IDNOMEN, POSICION, DESCNOMEN) VALUES ('SC', 15, 'SECTOR');
INSERT INTO NOMENCLATURA (IDNOMEN, POSICION, DESCNOMEN) VALUES ('ET', 15, 'ETAPA');
INSERT INTO NOMENCLATURA (IDNOMEN, POSICION, DESCNOMEN) VALUES ('ED', 15, 'EDIFICIO');
INSERT INTO NOMENCLATURA (IDNOMEN, POSICION, DESCNOMEN) VALUES ('MD', 15, 'MODULO');
INSERT INTO NOMENCLATURA (IDNOMEN, POSICION, DESCNOMEN) VALUES ('TO', 15, 'TORRE');
INSERT INTO NOMENCLATURA (IDNOMEN, POSICION, DESCNOMEN) VALUES ('AL', 19, 'ALTILLLO');
INSERT INTO NOMENCLATURA (IDNOMEN, POSICION, DESCNOMEN) VALUES ('AP', 19, 'APARTAMENTO');
INSERT INTO NOMENCLATURA (IDNOMEN, POSICION, DESCNOMEN) VALUES ('BG', 19, 'BODEGA');
INSERT INTO NOMENCLATURA (IDNOMEN, POSICION, DESCNOMEN) VALUES ('CS', 19, 'CASA');
INSERT INTO NOMENCLATURA (IDNOMEN, POSICION, DESCNOMEN) VALUES ('CN', 19, 'CONSULTORIO');
INSERT INTO NOMENCLATURA (IDNOMEN, POSICION, DESCNOMEN) VALUES ('DP', 19, 'DEPOSITO');
INSERT INTO NOMENCLATURA (IDNOMEN, POSICION, DESCNOMEN) VALUES ('DS', 19, 'DEPOSITO SOTANO');
INSERT INTO NOMENCLATURA (IDNOMEN, POSICION, DESCNOMEN) VALUES ('GA', 19, 'GARAJE');
INSERT INTO NOMENCLATURA (IDNOMEN, POSICION, DESCNOMEN) VALUES ('GS', 19, 'GARAJE SOTANO');
INSERT INTO NOMENCLATURA (IDNOMEN, POSICION, DESCNOMEN) VALUES ('LC', 19, 'LOCAL');
INSERT INTO NOMENCLATURA (IDNOMEN, POSICION, DESCNOMEN) VALUES ('LM', 19, 'LOCAL MEZZANINE');
INSERT INTO NOMENCLATURA (IDNOMEN, POSICION, DESCNOMEN) VALUES ('LT', 19, 'LOTE');
INSERT INTO NOMENCLATURA (IDNOMEN, POSICION, DESCNOMEN) VALUES ('MN', 19, 'MEZZANINE');
INSERT INTO NOMENCLATURA (IDNOMEN, POSICION, DESCNOMEN) VALUES ('OF', 19, 'OFICINA');
INSERT INTO NOMENCLATURA (IDNOMEN, POSICION, DESCNOMEN) VALUES ('PA', 19, 'PARQUEADERO');
INSERT INTO NOMENCLATURA (IDNOMEN, POSICION, DESCNOMEN) VALUES ('PN', 19, 'PENT-HOUSE');
INSERT INTO NOMENCLATURA (IDNOMEN, POSICION, DESCNOMEN) VALUES ('PL', 19, 'PLANTA');
INSERT INTO NOMENCLATURA (IDNOMEN, POSICION, DESCNOMEN) VALUES ('PD', 19, 'PREDIO');
INSERT INTO NOMENCLATURA (IDNOMEN, POSICION, DESCNOMEN) VALUES ('SS', 19, 'SEMISOTANO');
INSERT INTO NOMENCLATURA (IDNOMEN, POSICION, DESCNOMEN) VALUES ('SO', 19, 'SOTANO');
INSERT INTO NOMENCLATURA (IDNOMEN, POSICION, DESCNOMEN) VALUES ('ST', 19, 'SUITE');
INSERT INTO NOMENCLATURA (IDNOMEN, POSICION, DESCNOMEN) VALUES ('TZ', 19, 'TERRAZA');
INSERT INTO NOMENCLATURA (IDNOMEN, POSICION, DESCNOMEN) VALUES ('UN', 19, 'UNIDAD');
INSERT INTO NOMENCLATURA (IDNOMEN, POSICION, DESCNOMEN) VALUES ('UL', 19, 'UNIDAD RESINDENCIAL');
INSERT INTO NOMENCLATURA (IDNOMEN, POSICION, DESCNOMEN) VALUES ('AD', 21, 'ADMINISTRACION');
INSERT INTO NOMENCLATURA (IDNOMEN, POSICION, DESCNOMEN) VALUES ('AG', 21, 'AGRUPACION');
INSERT INTO NOMENCLATURA (IDNOMEN, POSICION, DESCNOMEN) VALUES ('CE', 21, 'CENTRO COMERCIAL');
INSERT INTO NOMENCLATURA (IDNOMEN, POSICION, DESCNOMEN) VALUES ('PQ', 21, 'PARQUE');
INSERT INTO NOMENCLATURA (IDNOMEN, POSICION, DESCNOMEN) VALUES ('PI', 21, 'PISO');
INSERT INTO NOMENCLATURA (IDNOMEN, POSICION, DESCNOMEN) VALUES ('PR', 21, 'PORTERIA');
INSERT INTO NOMENCLATURA (IDNOMEN, POSICION, DESCNOMEN) VALUES ('PU', 21, 'PUESTO');
INSERT INTO NOMENCLATURA (IDNOMEN, POSICION, DESCNOMEN) VALUES ('RP', 21, 'ROUND POINT');
INSERT INTO NOMENCLATURA (IDNOMEN, POSICION, DESCNOMEN) VALUES ('EN', 21, 'ENTRADA');
INSERT INTO NOMENCLATURA (IDNOMEN, POSICION, DESCNOMEN) VALUES ('EQ', 21, 'ESQUINA');
INSERT INTO NOMENCLATURA (IDNOMEN, POSICION, DESCNOMEN) VALUES ('ES', 21, 'ESTACION');
INSERT INTO NOMENCLATURA (IDNOMEN, POSICION, DESCNOMEN) VALUES ('EX', 21, 'EXTERIOR');
INSERT INTO NOMENCLATURA (IDNOMEN, POSICION, DESCNOMEN) VALUES ('FI', 21, 'FINCA');
INSERT INTO NOMENCLATURA (IDNOMEN, POSICION, DESCNOMEN) VALUES ('KM', 21, 'KILOMETRO');
INSERT INTO NOMENCLATURA (IDNOMEN, POSICION, DESCNOMEN) VALUES ('MNSC', 21, 'MEZZANINE SECTOR');


                               


